{
    "graph_fusion": {
        "AABiasaddConvFusion": {
            "effect_times": "0",
            "match_times": "16"
        },
        "AReduceSumFusionPass": {
            "effect_times": "23",
            "match_times": "46"
        },
        "AddNFusionPass": {
            "effect_times": "0",
            "match_times": "11"
        },
        "ApplyAddOutputPass": {
            "effect_times": "41",
            "match_times": "41"
        },
        "ConstToAttrPass": {
            "effect_times": "74",
            "match_times": "74"
        },
        "ConstToAttrReduceSumFusion": {
            "effect_times": "23",
            "match_times": "23"
        },
        "Conv2DbpFilterMulFusionPass": {
            "effect_times": "0",
            "match_times": "17"
        },
        "Conv2DbpInputDilationFusionPass": {
            "effect_times": "0",
            "match_times": "16"
        },
        "ConvToFullyConnectionFusionPass": {
            "effect_times": "0",
            "match_times": "17"
        },
        "ConvWeightCompressFusionPass": {
            "effect_times": "0",
            "match_times": "23"
        },
        "MatMulBiasAddFusionPass": {
            "effect_times": "0",
            "match_times": "2"
        },
        "TBEConvAddFusion": {
            "effect_times": "16",
            "match_times": "16"
        },
        "TransdataCastFusionPass": {
            "effect_times": "0",
            "match_times": "366"
        }
    },
    "session_and_graph_id": "0_11",
    "ub_fusion": {
        "AutomaticUbFusion": {
            "effect_times": "10",
            "match_times": "10"
        },
        "TbeEltwiseFusionPass": {
            "effect_times": "1",
            "match_times": "2"
        }
    }
}{
    "graph_fusion": {
        "AABiasaddConvFusion": {
            "effect_times": "0",
            "match_times": "16"
        },
        "AReduceMeanFusionPass": {
            "effect_times": "0",
            "match_times": "1"
        },
        "AddNFusionPass": {
            "effect_times": "0",
            "match_times": "5"
        },
        "ArgMaxV2FusionPass": {
            "effect_times": "2",
            "match_times": "2"
        },
        "ConstToAttrPass": {
            "effect_times": "3",
            "match_times": "3"
        },
        "ConvToFullyConnectionFusionPass": {
            "effect_times": "0",
            "match_times": "17"
        },
        "ConvWeightCompressFusionPass": {
            "effect_times": "0",
            "match_times": "19"
        },
        "MatMulBiasAddFusionPass": {
            "effect_times": "0",
            "match_times": "2"
        },
        "TBEConvAddFusion": {
            "effect_times": "16",
            "match_times": "16"
        },
        "TransdataCastFusionPass": {
            "effect_times": "0",
            "match_times": "72"
        }
    },
    "session_and_graph_id": "0_21",
    "ub_fusion": {
        "AutomaticUbFusion": {
            "effect_times": "5",
            "match_times": "5"
        },
        "TbeEltwiseFusionPass": {
            "effect_times": "5",
            "match_times": "5"
        }
    }
}{
    "graph_fusion": {
        "TransdataCastFusionPass": {
            "effect_times": "0",
            "match_times": "111"
        }
    },
    "session_and_graph_id": "0_31"
}{
    "graph_fusion": {
        "TransdataCastFusionPass": {
            "effect_times": "0",
            "match_times": "37"
        }
    },
    "session_and_graph_id": "0_41"
}