{
    "Elu":{
        "input0":{
            "dtype":"float16,float,int8,int16,int32,int64",
            "format":"ND,ND,ND,ND,ND,ND",
            "name":"x",
            "paramType":"required"
        },
        "opFile":{
            "value":"elu"
        },
        "opInterface":{
            "value":"elu"
        },
        "output0":{
            "dtype":"float16,float,int8,int16,int32,int64",
            "format":"ND,ND,ND,ND,ND,ND",
            "name":"y",
            "paramType":"required"
        }
    }
}